{"heat_data": "{\"LATITUDE\":{\"9286\":41.778329099,\"11876\":41.850122325,\"16914\":41.811702979,\"17061\":41.743166226,\"21787\":41.891423156,\"28455\":41.851753289,\"28796\":41.775070395,\"32932\":41.968526282,\"34679\":41.880786919,\"35433\":41.788435534,\"36746\":41.887150323,\"37515\":41.742766071,\"39034\":41.773390859,\"41671\":41.780168396,\"43990\":41.707208662,\"46272\":41.877110113,\"46273\":41.877110113,\"52429\":41.750697837,\"55269\":41.744909133,\"63026\":41.839723858,\"63949\":41.87317661,\"65322\":41.880451176,\"70966\":41.743932332,\"71687\":42.009108603,\"72568\":41.965822602,\"74828\":41.88807029,\"77263\":41.846511809,\"79381\":41.950695101,\"80039\":41.736532398,\"84398\":41.866399699,\"85054\":41.780632705,\"85131\":41.895030903,\"85687\":41.903825234,\"88469\":41.663153313,\"93622\":41.905962906,\"95160\":41.868644631,\"96906\":41.763936264,\"100798\":41.784415682,\"102895\":41.771294355,\"103388\":41.937519256,\"105913\":41.794193375,\"106314\":41.90322168,\"107640\":41.751194933,\"107665\":41.89472377,\"111527\":41.778548099,\"114307\":41.927045914,\"117255\":41.734098179,\"117286\":41.749698739,\"119451\":41.87720189,\"120880\":41.753262859,\"121867\":41.753262859,\"122190\":41.906759834,\"124134\":41.736154969,\"124397\":41.927881726,\"125869\":41.76837803,\"126728\":41.842321232,\"129099\":41.985368248,\"131186\":41.873744881,\"132475\":41.777726147,\"135497\":41.936807466,\"138168\":41.771873765,\"139020\":41.928102368,\"139042\":41.899922453,\"140616\":41.910621955,\"141390\":41.877517757,\"141484\":41.876190336,\"145486\":41.751650098,\"149753\":41.745584778,\"153323\":41.899910938,\"153840\":41.917507049,\"156835\":41.75043466,\"159823\":41.785995256,\"159824\":41.785995256,\"161079\":41.707182344,\"161187\":41.97533179,\"164726\":41.909180988,\"166027\":41.75120326,\"167592\":41.902307989,\"167593\":41.902307989,\"169818\":41.764416053,\"170580\":41.761134443,\"174861\":41.765563775,\"175356\":41.97030817,\"175833\":41.775880581,\"176574\":41.861636682,\"176960\":41.873842389,\"177128\":41.934925752,\"181232\":41.75410148,\"181441\":41.713914851,\"185380\":41.968670226,\"186356\":41.916962655,\"188291\":41.778817292,\"188470\":41.916962655,\"191745\":41.871080224,\"193829\":41.885809123,\"199465\":41.778994736,\"205035\":41.914041113,\"205540\":41.931896442,\"208581\":41.846201309,\"209606\":41.882882734,\"214907\":41.877385456,\"215462\":41.780446776,\"216372\":41.725068552,\"217840\":41.876753538,\"221942\":41.800661794,\"222331\":41.687118177,\"222643\":41.751962093,\"225958\":41.808040346,\"228337\":41.877045594,\"228423\":41.853677151,\"230401\":41.793420237,\"231933\":41.93501603,\"237493\":41.795174135,\"239292\":41.712422005,\"241143\":41.938823707,\"241722\":41.767452873,\"245344\":41.96814688,\"249831\":41.902331663,\"250234\":41.909925033,\"250642\":41.88234827,\"251409\":41.86602254,\"251781\":41.881735573,\"255286\":41.940105788,\"255853\":41.810535724,\"256297\":41.973688674,\"256587\":41.885017648,\"257440\":41.78683552,\"257517\":41.929483513,\"258381\":41.90971402,\"263951\":41.902443298,\"266021\":41.953024751,\"274863\":41.974911578,\"282467\":41.909047834,\"283434\":41.692160999,\"284982\":41.955861726,\"288737\":41.850096952,\"290408\":41.768730866,\"290993\":42.011578692,\"294060\":41.764185795,\"294506\":41.850071578,\"295097\":41.873736731,\"296059\":41.699985743,\"296218\":41.752402034,\"297156\":41.979769685,\"297360\":41.880346579,\"297525\":41.917041317,\"297715\":41.655706367,\"299979\":41.793830285,\"300844\":41.766395842,\"300882\":41.89684497,\"304960\":41.706483159,\"309293\":41.965457082,\"309516\":41.995155576,\"312483\":41.79336967,\"313071\":41.865639054,\"314603\":41.736261699,\"315064\":41.952856915,\"315963\":41.77620073,\"316237\":41.903789585,\"317922\":41.939280552,\"318829\":41.952691363,\"319272\":41.905786234,\"320621\":41.796387538,\"320667\":41.849058155,\"320698\":41.908177317,\"322364\":41.781068084,\"323518\":41.84447814,\"326110\":41.736963127,\"326561\":41.882349437,\"327467\":41.769064752,\"327706\":41.720819073,\"332675\":41.863734391,\"334223\":41.899086468,\"335168\":42.019471563,\"335599\":41.735275152,\"336492\":41.736048486,\"339155\":41.756137827,\"349578\":41.969134313,\"350256\":41.658504128,\"351482\":41.706829417,\"352148\":41.699547415,\"354050\":41.771715337,\"354439\":41.997647172,\"355966\":41.781333348,\"358658\":41.736970614,\"358892\":41.765618818,\"360994\":41.777636672,\"362979\":41.822918587,\"363192\":41.765684011,\"366074\":41.89222107,\"366871\":41.945311074,\"366979\":41.833360647,\"369023\":41.692789558,\"372880\":41.900949007,\"373697\":41.851674457,\"374599\":41.776912915,\"375773\":41.916992835,\"377812\":41.928110413,\"378767\":41.817673472,\"381364\":41.891567653,\"383035\":41.81200688,\"385422\":41.773390859,\"387153\":41.751636269,\"390860\":42.002411096,\"392506\":41.744581196,\"394587\":41.823779895,\"394987\":41.854983132,\"394988\":41.854983132,\"399332\":41.779376946,\"401699\":41.949571741,\"402164\":41.83087496,\"403071\":41.983163173,\"403325\":41.767039492,\"405618\":41.975574078,\"410953\":41.943479129,\"412532\":41.921611972,\"412702\":41.922246108,\"415773\":41.784067421,\"424276\":41.942441692,\"435810\":41.847152491,\"441125\":41.824050595,\"441688\":41.779038832,\"442897\":41.726113585,\"443104\":41.823754302,\"443121\":41.92833262,\"443122\":41.92833262,\"444420\":41.957723685,\"445108\":41.685312835,\"445592\":41.92786134,\"446041\":41.7624914,\"448533\":41.930795567,\"451018\":41.963303618,\"453154\":41.873571008},\"LONGITUDE\":{\"9286\":-87.615725792,\"11876\":-87.695546567,\"16914\":-87.701794717,\"17061\":-87.664407768,\"21787\":-87.745827675,\"28455\":-87.714854932,\"28796\":-87.605749878,\"32932\":-87.687627175,\"34679\":-87.716038797,\"35433\":-87.671867012,\"36746\":-87.756482093,\"37515\":-87.692498082,\"39034\":-87.591566672,\"41671\":-87.613417674,\"43990\":-87.628541288,\"46272\":-87.732703156,\"46273\":-87.732703156,\"52429\":-87.647624881,\"55269\":-87.72400533,\"63026\":-87.64159998,\"63949\":-87.715789823,\"65322\":-87.745128878,\"70966\":-87.601527224,\"71687\":-87.673890082,\"72568\":-87.692071808,\"74828\":-87.774765289,\"77263\":-87.692989878,\"79381\":-87.71456213,\"80039\":-87.609818021,\"84398\":-87.696052117,\"85054\":-87.59612779,\"85131\":-87.625532031,\"85687\":-87.64328636,\"88469\":-87.640154705,\"93622\":-87.756009402,\"95160\":-87.656878912,\"96906\":-87.560594288,\"100798\":-87.697138184,\"102895\":-87.738359588,\"103388\":-87.718673578,\"105913\":-87.625604123,\"106314\":-87.681794142,\"107640\":-87.60507416,\"107665\":-87.755736737,\"111527\":-87.74155618,\"114307\":-87.722100952,\"117255\":-87.646756788,\"117286\":-87.575801501,\"119451\":-87.725199488,\"120880\":-87.70752355,\"121867\":-87.70752355,\"122190\":-87.686978873,\"124134\":-87.62984512,\"124397\":-87.736647822,\"125869\":-87.669419617,\"126728\":-87.705119439,\"129099\":-87.660270208,\"131186\":-87.696245988,\"132475\":-87.776232115,\"135497\":-87.769014381,\"138168\":-87.682822448,\"139020\":-87.73657266,\"139042\":-87.733485624,\"140616\":-87.648117573,\"141390\":-87.698697938,\"141484\":-87.686414858,\"145486\":-87.581234484,\"149753\":-87.61249479,\"153323\":-87.750965625,\"153840\":-87.684833447,\"156835\":-87.665924934,\"159823\":-87.727914596,\"159824\":-87.727914596,\"161079\":-87.630793441,\"161187\":-87.717369237,\"164726\":-87.711737768,\"166027\":-87.602898979,\"167592\":-87.745830587,\"167593\":-87.745830587,\"169818\":-87.707826478,\"170580\":-87.629807017,\"174861\":-87.62793555,\"175356\":-87.713269005,\"175833\":-87.654546395,\"176574\":-87.717575902,\"176960\":-87.702241487,\"177128\":-87.757886878,\"181232\":-87.65034366,\"181441\":-87.658071439,\"185380\":-87.695162748,\"186356\":-87.733667439,\"188291\":-87.765273748,\"188470\":-87.733667439,\"191745\":-87.704412521,\"193829\":-87.766297626,\"199465\":-87.694210362,\"205035\":-87.682906243,\"205540\":-87.70964426,\"208581\":-87.707672243,