{"heat_data": "{\"LATITUDE\":{\"0\":41.787273327,\"1\":41.844291226,\"2\":41.965319684,\"3\":41.762361918,\"4\":41.865437997,\"5\":41.887847637,\"6\":41.793734259,\"7\":41.943302926,\"8\":41.775070395,\"9\":41.799608974,\"10\":41.873966996,\"11\":41.759368396,\"12\":41.759368396,\"13\":41.759368396,\"14\":41.879863647,\"15\":41.869824426,\"16\":41.773292896,\"17\":41.890945721,\"18\":41.782671703,\"19\":41.689240715,\"20\":41.771645893,\"21\":41.961273163,\"22\":41.877110113,\"23\":41.764729451,\"24\":41.866513888,\"25\":41.881631069,\"26\":41.778290019,\"27\":41.764800199,\"28\":41.909736348,\"29\":41.910410939,\"30\":41.791647349,\"31\":41.766507667,\"32\":41.760697523,\"33\":41.766103252,\"34\":41.87317661,\"35\":41.932287183,\"36\":41.846241455,\"37\":41.904717198,\"38\":41.80852629,\"39\":41.81508597,\"40\":41.997818948,\"41\":41.90003788,\"42\":41.766195202,\"43\":41.766195202,\"44\":41.994078572,\"45\":41.811294956,\"46\":41.735876294,\"47\":41.758783819,\"48\":41.880676991,\"49\":41.728145171,\"50\":41.76054115,\"51\":41.894349049,\"52\":41.894349049,\"53\":41.866399699,\"54\":41.887620131,\"55\":41.658638006,\"56\":41.836901219,\"57\":41.868067161,\"58\":41.70734959,\"59\":41.937519256,\"60\":41.876981361,\"61\":41.740367114,\"62\":41.753275035,\"63\":41.781382517,\"64\":41.844864888,\"65\":41.894754673,\"66\":41.918383281,\"67\":41.813711419,\"68\":41.753262859,\"69\":41.913865951,\"70\":41.753262859,\"71\":41.699881009,\"72\":41.920401229,\"73\":41.859476651,\"74\":41.79802975,\"75\":41.777726147,\"76\":41.801364246,\"77\":41.823746552,\"78\":41.860768834,\"79\":41.913703141,\"80\":41.917813052,\"81\":41.939585153,\"82\":41.801080204,\"83\":42.015062386,\"84\":41.80410071,\"85\":41.9063134,\"86\":41.738274531,\"87\":41.957050051,\"88\":41.909946425,\"89\":41.75099675,\"90\":41.881074895,\"91\":41.716758815,\"92\":41.722449457,\"93\":41.890000815,\"94\":41.894649851,\"95\":41.90016265,\"96\":41.762046289,\"97\":41.895298232,\"98\":41.764894181,\"99\":41.952095759,\"100\":41.789557471,\"101\":41.747807174,\"102\":41.898741033,\"103\":41.885845195,\"104\":41.902307989,\"105\":41.87984242,\"106\":41.788275972,\"107\":41.895821005,\"108\":41.655628519,\"109\":41.879473307,\"110\":41.750314985,\"111\":41.926828817,\"112\":42.012719078,\"113\":42.005048685,\"114\":41.847022681,\"115\":41.969135642,\"116\":41.759594433,\"117\":41.909047834,\"118\":42.011998578,\"119\":41.789530633,\"120\":41.758487541,\"121\":41.793169641,\"122\":41.778012811,\"123\":41.751008646,\"124\":41.7685337,\"125\":41.893735816,\"126\":41.900812175,\"127\":41.821886434,\"128\":41.968039361,\"129\":41.842754402,\"130\":41.79158713,\"131\":41.78480581,\"132\":41.758844112,\"133\":41.882929019,\"134\":41.882625174,\"135\":42.011950638,\"136\":41.964973142,\"137\":41.852101734,\"138\":41.852235132,\"139\":41.78592859,\"140\":41.851882906,\"141\":41.879025684,\"142\":41.860030968,\"143\":41.860059635,\"144\":41.831142307,\"145\":41.840075872,\"146\":41.838178845,\"147\":41.721256303,\"148\":41.782490097,\"149\":41.767417638,\"150\":41.767417638,\"151\":41.918316897,\"152\":41.924215797,\"153\":41.794188761,\"154\":41.746870107,\"155\":41.964664034,\"156\":41.817542551,\"157\":41.801984547,\"158\":41.934986053,\"159\":41.651763637,\"160\":41.793420237,\"161\":41.793822103,\"162\":41.862316126,\"163\":41.965514369,\"164\":41.78970134,\"165\":41.835369839,\"166\":41.823739844,\"167\":42.004425997,\"168\":41.717595115,\"169\":41.983015804,\"170\":41.76521542,\"171\":41.840777858,\"172\":41.691483413,\"173\":41.786393417,\"174\":41.890033483,\"175\":41.876536372,\"176\":41.765829215,\"177\":41.866281003,\"178\":41.858936258,\"179\":41.750065933,\"180\":41.88574887,\"181\":41.898583879,\"182\":41.860844992,\"183\":41.886210593,\"184\":41.74073735,\"185\":41.924041714,\"186\":41.976831079,\"187\":41.750215123,\"188\":42.011578692,\"189\":41.755562712,\"190\":41.79539178,\"191\":41.857882393,\"192\":41.73591698,\"193\":41.864524545,\"194\":41.864524545,\"195\":41.749880772,\"196\":41.985835173,\"197\":41.84434083,\"198\":41.950641071,\"199\":41.780952578,\"200\":41.880451176,\"201\":41.756201884,\"202\":41.877760906,\"203\":41.88234827,\"204\":41.765017273,\"205\":41.950576516,\"206\":41.743029379,\"207\":41.773077421,\"208\":41.855400636,\"209\":41.894000521,\"210\":41.774852343,\"211\":41.849058155,\"212\":41.885200298,\"213\":41.793199939,\"214\":41.758712175,\"215\":41.949547589,\"216\":41.743164338,\"217\":41.766012452,\"218\":41.889980887,\"219\":41.736957632,\"220\":41.895100159,\"221\":41.703657013,\"222\":41.733349857,\"223\":42.005094106,\"224\":41.885311393,\"225\":41.750750387,\"226\":41.750060363,\"227\":41.976582295,\"228\":41.939191828,\"229\":41.94059875,\"230\":41.79799187,\"231\":41.75320208,\"232\":41.772479926,\"233\":41.765716726,\"234\":41.877744716,\"235\":41.765976773,\"236\":41.932465554,\"237\":41.920745734,\"238\":41.846270644,\"239\":41.922931043,\"240\":41.768592035,\"241\":41.751206197,\"242\":41.939149702,\"243\":41.866512409,\"244\":41.751198451,\"245\":41.976124501,\"246\":41.780072535,\"247\":41.787589633,\"248\":41.887862071,\"249\":41.802205635,\"250\":41.855129888,\"251\":41.777087926,\"252\":41.729533075,\"253\":41.855136191,\"254\":41.805800866,\"255\":41.790039587,\"256\":41.946219418,\"257\":41.8664078,\"258\":41.746589502,\"259\":41.746589502,\"260\":41.779641463,\"261\":41.804109024,\"262\":41.817582297,\"263\":41.75026224,\"264\":41.909019528,\"265\":41.793942928,\"266\":41.736963127,\"267\":41.692263123,\"268\":41.773390859,\"269\":41.940436849,\"270\":42.019332616,\"271\":41.934086248,\"272\":41.876651691,\"273\":41.844076595,\"274\":41.744117615,\"275\":41.744117615,\"276\":41.893110025,\"277\":41.982189885,\"278\":41.861194824,\"279\":41.805945239,\"280\":41.805945239,\"281\":41.776510617,\"282\":41.695303843,\"283\":41.88746153,\"284\":41.804607865,\"285\":41.780148264,\"286\":41.859069836,\"287\":41.809535496,\"288\":41.732487686,\"289\":41.780499387,\"290\":41.765109432,\"291\":41.902473674,\"292\":41.824050595,\"293\":41.918362696,\"294\":41.95690749,\"295\":41.86719189,\"296\":41.86719189,\"297\":41.757605771,\"298\":41.778204915,\"299\":41.895615314,\"300\":41.7624914,\"301\":41.879762623,\"302\":41.773297734,\"303\":41.737218919,\"304\":41.751753132,\"305\":41.814479549},\"LONGITUDE\":{\"0\":-87.625364098,\"1\":-87.714930873,\"2\":-87.654855094,\"3\":-87.586377235,\"4\":-87.654521744,\"5\":-87.772804778,\"6\":-87.624210525,\"7\":-87.671355153,\"8\":-87.605749878,\"9\":-87.592695408,\"10\":-87.762112224,\"11\":-87.663785716,\"12\":-87.663785716,\"13\":-87.663785716,\"14\":-87.726218642,\"15\":-87.653360571,\"16\":-87.586442368,\"17\":-87.769418821,\"18\":-87.692122642,\"19\":-87.655889898,\"20\":-87.703113698,\"21\":-87.710294107,\"22\":-87.732703156,\"23\":-87.688079145,\"24\":-87.705733599,\"25\":-87.751101656,\"26\":-87.697172886,\"27\":-87.665173077,\"28\":-87.746053447,\"29\":-87.688899155,\"30\":-87.777978734,\"31\":-87.628338193,\"32\":-87.646869553,\"33\":-87.654289764,\"34\":-87.715789823,\"35\":-87.687950093,\"36\":-87.705238924,\"37\":-87.755684411,\"38\":-87.662592135,\"39\":-87.60682546,\"40\":-87.691167478,\"41\":-87.628145847,\"42\":-87.562908182,\"43\":-87.562908182,\"44\":-87.700251108,\"45\":-87.603786126,\"46\":-87.651061314,\"47\":-87.576286649,\"48\":-87.725816127,\"49\":-87.550890182,\"50\":-87.586330278,\"51\":-87.662207823,\"52\":-87.662207823,\"53\":-87.696052117,\"54\":-87.707210257,\"55\":-87.597502306,\"56\":-87.717089194,\"57\":-87.727808658,\"58\":-87.618584762,\"59\":-87.718673578,\"60\":-87.725269868,\"61\":-87.607922888,\"62\":-87.708037535,\"63\":-87.664410895,\"64\":-87.690413789,\"65\":-87.765538669,\"66\":-87.781839756,\"67\":-87.689618748,\"68\":-87.70752355,\"69\":-87.638824041,\"70\":-87.70752355,\"71\":-87.631642983,\"72\":-87.767220216,\"73\":-87.667941964,\"74\":-87.625935495,\"75\":-87.776232115,\"76\":-87.672107867,\"77\":-87.694487284,\"78\":-87.710531247,\"79\":-87.696940577,